{"cameraMode":{"drawMode":0,"name":"Shaded","section":"Shading Mode"},"sceneLighting":true,"audioPlay":false,"sceneViewState":{"m_AlwaysRefresh":false,"showFog":true,"showSkybox":true,"showFlares":true,"showImageEffects":true,"showParticleSystems":true,"showVisualEffectGraphs":true,"m_FxEnabled":true},"in2DMode":false,"pivot":{"x":728.2467651367188,"y":391.5755920410156,"z":-93.43096160888672},"rotation":{"x":-0.020862171426415445,"y":0.11372821778059006,"z":0.002388637512922287,"w":0.9932906031608582},"size":413.52667236328127,"orthographic":true}