{"cameraMode":{"drawMode":0,"name":"Shaded","section":"Shading Mode"},"sceneLighting":true,"audioPlay":false,"sceneViewState":{"m_AlwaysRefresh":false,"showFog":true,"showSkybox":true,"showFlares":true,"showImageEffects":true,"showParticleSystems":true,"showVisualEffectGraphs":true,"m_FxEnabled":true},"in2DMode":false,"pivot":{"x":541.7662353515625,"y":289.10125732421877,"z":5.461334228515625},"rotation":{"x":-0.01949315331876278,"y":0.023993132635951043,"z":0.000467922625830397,"w":0.9995218515396118},"size":1241.05224609375,"orthographic":true}